Category,Question,Description
Buying,How much house can I afford?,"Guidelines for determining your home budget based on income, debt ratios, and lender recommendations (28/36 rule)"
Buying,What is the difference between pre-qualification and pre-approval?,"Explanation of informal pre-qualification vs formal pre-approval process with lender verification"
Buying,How much should I offer on a house?,"Factors to consider when making an offer including comps, market conditions, property condition, and time on market"
Buying,What is earnest money?,"Information about good faith deposits (1-3% of purchase price) held in escrow to demonstrate serious buying intent"
Buying,What are contingencies?,"Overview of common purchase contingencies: financing, inspection, appraisal, and sale contingencies"
Buying,Do I need a home inspection?,"Importance of professional home inspections ($300-500) to identify potential issues before purchase"
Buying,What is a buyer's agent and do I need one?,"Benefits of buyer representation including MLS access, negotiation expertise, and guidance through the process"
Buying,What closing costs should I expect?,"Breakdown of typical closing costs (2-5% of purchase price) including fees, insurance, and taxes"
Buying,Should I buy a new construction or existing home?,"Comparison of new construction benefits (modern, warranties) vs existing homes (established, ready to move)"
Buying,What is PMI and can I avoid it?,"Private Mortgage Insurance requirements for less than 20% down payment and strategies to avoid it"
Selling,When is the best time to sell my house?,"Market timing considerations with spring as peak season, but depends on local conditions and personal circumstances"
Selling,How do I price my home correctly?,"Pricing strategies using comparative market analysis, market conditions, and property features"
Selling,What repairs should I make before listing?,"Priority repairs including essential fixes, curb appeal improvements, cleaning, decluttering, and cosmetic updates"
Selling,Should I stage my home?,"Benefits of home staging for faster sales and higher prices, with options from professional to DIY staging"
Selling,How long will it take to sell my home?,"Average selling timeline by market type: days to weeks in hot markets, 30-90+ days in balanced/buyer's markets"
Selling,What is a listing agent's commission?,"Typical 5-6% total commission split between agents, covering marketing, photography, and transaction management"
Selling,Should I be present during showings?,"Recommendation to leave during showings so buyers feel comfortable and can speak freely with their agent"
Selling,What happens if I receive multiple offers?,"How to evaluate and respond to multiple offers considering price, contingencies, timeline, and buyer qualifications"
Selling,Can I sell my house while I still owe money on it?,"Process of selling with existing mortgage, paying off loan at closing, and options if underwater on mortgage"
Selling,What is a seller's disclosure?,"Legal requirement to disclose known material defects including structural issues, damage, hazards, and disputes"
Financing,What types of mortgages are available?,"Overview of mortgage types: conventional, FHA, VA, USDA, jumbo, fixed-rate, and adjustable-rate loans"
Financing,What credit score do I need to buy a house?,"Minimum credit score requirements by loan type ranging from 500-640, with higher scores getting better rates"
Financing,How much should I put down?,"Down payment options from 0% (VA/USDA) to 20%+, discussing PMI implications and cash reserves"
Financing,What is the difference between interest rate and APR?,"Explanation of interest rate vs APR which includes all loan costs expressed as annual percentage"
Financing,Should I choose a 15-year or 30-year mortgage?,"Comparison of mortgage terms: 30-year (lower payments, more interest) vs 15-year (higher payments, less interest)"
Financing,What documents do I need for a mortgage application?,"Required documentation including ID, income verification, employment, assets, debts, and additional self-employed docs"
Financing,What is a rate lock?,"Guarantee from lender that interest rate won't change between approval and closing, typically 30-60 days"
Financing,Can I get a mortgage if I'm self-employed?,"Requirements for self-employed borrowers including 2 years tax returns, P&L statements, and CPA documentation"
Financing,What are discount points?,"Upfront fees (1% of loan = 1 point) paid to reduce interest rate by approximately 0.25% per point"
Financing,What is debt-to-income ratio and why does it matter?,"DTI calculation and lender requirements: front-end ≤28%, back-end ≤36-43% for mortgage qualification"
Legal & Paperwork,What is title insurance and do I need it?,"Protection against title defects, liens, and ownership issues with lender's and owner's policy options"
Legal & Paperwork,What happens at closing?,"Final step where ownership transfers, documents are signed, costs paid, and keys received (1-2 hour process)"
Legal & Paperwork,What is escrow?,"Dual meaning: neutral third party holding funds during transaction, and account for paying taxes/insurance"
Legal & Paperwork,Do I need a real estate attorney?,"State-by-state requirements and benefits of legal representation for contract review and complex situations"
Legal & Paperwork,What is a home warranty?,"Service contract ($300-600/year) covering repair/replacement of major systems and appliances for set period"
Legal & Paperwork,What is the difference between a deed and a title?,"Title is legal ownership right (concept), deed is physical document transferring title between parties"
Legal & Paperwork,What are property taxes and how are they calculated?,"Annual taxes based on assessed value x tax rate, funding local services, paid annually or through escrow"
Legal & Paperwork,What is homeowners association (HOA) and what do fees cover?,"Organization governing communities with fees ($100-700/month) covering maintenance, amenities, and common areas"
Legal & Paperwork,What is a survey and do I need one?,"Precise property measurement showing boundaries, structures, easements, and encroachments (cost $400-1000+)"
Legal & Paperwork,What is a quitclaim deed?,"Deed transferring ownership interest without guarantees, used for family transfers, divorce, or clearing title"
Market & Investment,What is a buyer's market vs. seller's market?,"Market conditions comparison: buyer's (more inventory, lower prices) vs seller's (high demand, rising prices)"
Market & Investment,Is real estate a good investment?,"Analysis of real estate investment advantages (appreciation, income, tax benefits) and disadvantages (illiquidity, costs)"
Market & Investment,How do I know if a rental property is a good investment?,"Investment metrics: 1% rule, cap rate (8-12%), cash-on-cash return, and gross rent multiplier analysis"
Market & Investment,What is equity and how do I build it?,"Home equity definition (value minus debt) and building through payments, appreciation, improvements, and extra payments"
Market & Investment,Should I buy or rent?,"Decision factors comparing buying (stability, equity, 5+ year commitment) vs renting (flexibility, lower responsibility)"
Market & Investment,What is house flipping and how does it work?,"Buying, renovating, and selling properties for profit with keys to success and risks for investors"
Market & Investment,What is appreciation and what drives it?,"Property value increase over time (3-5% average) driven by location, economy, supply/demand, and infrastructure"
Market & Investment,What are the tax benefits of owning a home?,"Tax deductions for mortgage interest, property taxes, capital gains exclusion, and rental property benefits"
Market & Investment,What is a 1031 exchange?,"Tax-deferred exchange of investment properties with strict 45/180 day timelines and qualified intermediary requirements"
Market & Investment,How do rising interest rates affect the housing market?,"Impact of rate increases on affordability, demand, prices, and market competition (1% = ~10% buying power reduction)"
General,How long does the home buying process take?,"Timeline from pre-approval to closing: typically 30-45 days after offer acceptance, with detailed phase breakdown"
General,What is the difference between a condo and a townhouse?,"Ownership comparison: condos (interior only, higher HOA) vs townhouses (structure + land, more control)"
General,What questions should I ask at an open house?,"Important questions about selling reasons, market time, inclusions, systems age, costs, and neighborhood details"
General,What is a short sale?,"Selling property for less than mortgage owed with lender approval, requiring patience (2-6 months) and sold as-is"
General,What is a foreclosure and should I buy one?,"Lender repossession types (pre-foreclosure, auction, REO) with pros of lower prices and cons of as-is condition"
General,What is a home appraisal?,"Professional unbiased home valuation ($300-500) required by lenders, with options if appraisal comes in low"
General,What is curb appeal and why does it matter?,"Property's street attractiveness impacting buyer perception, home value (5-10% increase), and selling speed"
General,What is radon and should I test for it?,"Radioactive gas testing ($20-150) with EPA action level 4 pCi/L requiring mitigation system ($800-2500) if high"
General,What is the fair housing act?,"Federal law prohibiting housing discrimination based on race, color, national origin, religion, sex, familial status, disability"
General,Should I get a home inspection even on new construction?,"Importance of inspecting new homes for construction defects, code violations, and installation errors despite warranties"
